﻿<soap:Envelope xmlns:xsi="http://www.w3.org/2001/XMLSchema-instance"
        xmlns:m="http://schemas.microsoft.com/exchange/services/2006/messages"
        xmlns:t="http://schemas.microsoft.com/exchange/services/2006/types"
        xmlns:soap="http://schemas.xmlsoap.org/soap/envelope/">
  <soap:Header>
    <t:RequestServerVersion Version="Exchange2010" />
  </soap:Header>
  <soap:Body>
    <m:UpdateFolder>
      <m:FolderChanges>
        <t:FolderChange>
          <t:FolderId Id="AQMkAGEyYzQ" ChangeKey="CAAAABYAAA " />
          <t:Updates>
            <t:SetFolderField>
              <t:FieldURI FieldURI="folder:SearchParameters" />
              <t:SearchFolder>
                <t:SearchParameters Traversal="Shallow">
                  <t:Restriction>
                    <t:Contains ContainmentMode="Substring"
                       ContainmentComparison="IgnoreCase">
                      <t:FieldURI FieldURI="item:Subject" />
                      <t:Constant Value="Using" />
                    </t:Contains>
                  </t:Restriction>
                  <t:BaseFolderIds>
                    <t:DistinguishedFolderId Id="inbox" />
                  </t:BaseFolderIds>
                </t:SearchParameters>
              </t:SearchFolder>
            </t:SetFolderField>
          </t:Updates>
        </t:FolderChange>
      </m:FolderChanges>
    </m:UpdateFolder>
  </soap:Body>
</soap:Envelope>